{
  "project_info": {
    "project_number": "417725432179",
    "project_id": "tetraassist",
    "storage_bucket": "tetraassist.appspot.com"
  },
  "client": [
    {
      "client_info": {
        "mobilesdk_app_id": "1:417725432179:android:28107f392dc7eefad04506",
        "android_client_info": {
          "package_name": "com.example.tetra_assist"
        }
      },
      "oauth_client": [
        {
          "client_id": "417725432179-bj9ijuqhfa2gfvcb40tiacmjrkls5g9t.apps.googleusercontent.com",
          "client_type": 3
        }
      ],
      "api_key": [
        {
          "current_key": "AIzaSyC6GgCfZBSpAX4ze40jhRrqMryOdsSJuRM"
        }
      ],
      "services": {
        "appinvite_service": {
          "other_platform_oauth_client": [
            {
              "client_id": "417725432179-bj9ijuqhfa2gfvcb40tiacmjrkls5g9t.apps.googleusercontent.com",
              "client_type": 3
            }
          ]
        }
      }
    }
  ],
  "configuration_version": "1"
}